claim_id,member_id,provider_id,provider_name,service_date,cpt_code,billed_amount,status,denial_code
C00001,M0138,P003,Metro Imaging Center,2026-09-22,99214,179.53,Denied,CO-4
C00002,M0112,P005,Lakeside Family Care,2026-08-11,99213,150.58,Denied,CO-18
C00003,M0032,P002,Sunrise Clinic,2026-09-19,99213,129.06,Paid,
C00004,M0102,P002,Sunrise Clinic,2026-09-19,27447,13364.6,Paid,
C00005,M0037,P001,City General Hospital,2026-08-31,99214,148.19,Paid,
C00006,M0047,P005,Lakeside Family Care,2026-05-14,99213,130.25,Paid,
C00007,M0141,P001,City General Hospital,2026-08-17,93000,86.85,Paid,
C00008,M0137,P006,Apex Cardiology,2026-04-29,99213,129.86,Paid,
C00009,M0093,P004,Green Valley Ortho,2026-05-08,80053,57.42,Paid,
C00010,M0021,P003,Metro Imaging Center,2026-04-09,99214,215.49,Paid,
C00011,M0074,P005,Lakeside Family Care,2026-07-09,71046,265.65,Paid,
C00012,M0088,P005,Lakeside Family Care,2026-06-19,99213,103.08,Paid,
C00013,M0143,P002,Sunrise Clinic,2026-04-16,73721,909.76,Denied,CO-29
C00014,M0117,P003,Metro Imaging Center,2026-05-05,71046,286.91,Paid,
C00015,M0017,P001,City General Hospital,2026-07-27,80053,50.81,Paid,
C00016,M0115,P001,City General Hospital,2026-04-22,27447,13808.95,Paid,
C00017,M0119,P003,Metro Imaging Center,2026-04-16,27447,11914.75,Paid,
C00018,M0074,P003,Metro Imaging Center,2026-05-31,99214,198.98,Denied,CO-16
C00019,M0115,P002,Sunrise Clinic,2026-05-30,73721,895.93,Denied,CO-18
C00020,M0107,P003,Metro Imaging Center,2026-05-17,99214,217.74,Denied,CO-197
C00021,M0039,P006,Apex Cardiology,2026-08-27,73721,1150.98,Denied,CO-16
C00022,M0073,P002,Sunrise Clinic,2026-05-07,99213,125.1,Paid,
C00023,M0082,P001,City General Hospital,2026-07-02,99214,181.71,Paid,
C00024,M0014,P002,Sunrise Clinic,2026-04-29,27447,14755.21,Paid,
C00025,M0101,P004,Green Valley Ortho,2026-04-13,80053,71.4,Paid,
C00026,M0016,P004,Green Valley Ortho,2026-06-03,73721,897.35,Paid,
C00027,M0088,P002,Sunrise Clinic,2026-06-14,99213,155.08,Paid,
C00028,M0026,P005,Lakeside Family Care,2026-05-12,99213,102.14,Paid,
C00029,M0039,P003,Metro Imaging Center,2026-08-12,93000,65.02,Paid,
C00030,M0032,P006,Apex Cardiology,2026-05-03,71046,319.43,Paid,
C00031,M0080,P001,City General Hospital,2026-06-07,80053,62.64,Paid,
C00032,M0123,P001,City General Hospital,2026-07-09,99214,153.2,Paid,
C00033,M0136,P006,Apex Cardiology,2026-08-13,99214,190.47,Paid,
C00034,M0077,P003,Metro Imaging Center,2026-09-28,99214,206.11,Paid,
C00035,M0043,P006,Apex Cardiology,2026-07-30,80053,50.73,Paid,
C00036,M0085,P003,Metro Imaging Center,2026-05-19,80053,54.68,Paid,
C00037,M0103,P006,Apex Cardiology,2026-08-16,99214,199.19,Paid,
C00038,M0008,P006,Apex Cardiology,2026-05-25,80053,54.8,Paid,
C00039,M0089,P001,City General Hospital,2026-07-30,80053,56.38,Paid,
C00040,M0094,P004,Green Valley Ortho,2026-07-07,80053,76.11,Paid,
C00041,M0053,P001,City General Hospital,2026-06-06,99214,153.19,Paid,
C00042,M0123,P004,Green Valley Ortho,2026-05-01,93000,103.41,Paid,
C00043,M0031,P006,Apex Cardiology,2026-09-13,71046,299.96,Paid,
C00044,M0046,P004,Green Valley Ortho,2026-08-14,80053,69.34,Paid,
C00045,M0102,P004,Green Valley Ortho,2026-09-12,80053,67.08,Paid,
C00046,M0044,P004,Green Valley Ortho,2026-09-13,73721,1054.51,Paid,
C00047,M0038,P002,Sunrise Clinic,2026-06-07,99213,105.07,Paid,
C00048,M0090,P005,Lakeside Family Care,2026-06-05,80053,65.88,Paid,
C00049,M0027,P002,Sunrise Clinic,2026-09-29,93000,85.93,Denied,CO-27
C00050,M0055,P002,Sunrise Clinic,2026-08-16,73721,1163.95,Paid,
C00051,M0084,P001,City General Hospital,2026-05-29,71046,226.6,Paid,
C00052,M0091,P003,Metro Imaging Center,2026-09-01,93000,80.76,Denied,CO-197
C00053,M0129,P006,Apex Cardiology,2026-05-25,93000,96.6,Paid,
C00054,M0113,P002,Sunrise Clinic,2026-05-27,93000,70.07,Denied,CO-50
C00055,M0122,P005,Lakeside Family Care,2026-08-27,99213,142.56,Paid,
C00056,M0133,P005,Lakeside Family Care,2026-09-19,27447,10322.02,Paid,
C00057,M0015,P005,Lakeside Family Care,2026-09-07,93000,83.3,Paid,
C00058,M0144,P002,Sunrise Clinic,2026-09-09,99214,168.92,Paid,
C00059,M0130,P001,City General Hospital,2026-09-18,80053,74.82,Paid,
C00060,M0137,P005,Lakeside Family Care,2026-07-26,93000,71.98,Paid,
C00061,M0067,P004,Green Valley Ortho,2026-04-09,93000,101.66,Paid,
C00062,M0101,P005,Lakeside Family Care,2026-08-30,99214,219.6,Paid,
C00063,M0055,P004,Green Valley Ortho,2026-08-04,71046,209.07,Paid,
C00064,M0094,P006,Apex Cardiology,2026-08-26,71046,297.99,Paid,
C00065,M0025,P002,Sunrise Clinic,2026-06-07,71046,310.35,Paid,
C00066,M0042,P004,Green Valley Ortho,2026-04-17,73721,793.26,Paid,
C00067,M0051,P006,Apex Cardiology,2026-06-23,73721,1167.33,Paid,
C00068,M0142,P003,Metro Imaging Center,2026-07-03,71046,211.52,Denied,CO-18
C00069,M0132,P006,Apex Cardiology,2026-05-25,99213,119.06,Paid,
C00070,M0027,P001,City General Hospital,2026-08-07,99213,155.1,Paid,
C00071,M0034,P001,City General Hospital,2026-08-19,71046,233.99,Paid,
C00072,M0138,P004,Green Valley Ortho,2026-07-30,80053,75.34,Paid,
C00073,M0015,P005,Lakeside Family Care,2026-07-13,93000,83.78,Denied,CO-50
C00074,M0023,P002,Sunrise Clinic,2026-07-28,73721,1122.88,Paid,
C00075,M0032,P003,Metro Imaging Center,2026-08-09,99213,132.49,Denied,CO-18
C00076,M0012,P003,Metro Imaging Center,2026-07-28,93000,80.71,Paid,
C00077,M0068,P005,Lakeside Family Care,2026-09-06,27447,11030.62,Paid,
C00078,M0136,P001,City General Hospital,2026-07-17,99214,162.16,Paid,
C00079,M0089,P002,Sunrise Clinic,2026-04-15,71046,255.71,Paid,
C00080,M0142,P001,City General Hospital,2026-09-30,71046,204.62,Paid,
C00081,M0111,P002,Sunrise Clinic,2026-06-12,93000,82.99,Denied,CO-50
C00082,M0056,P005,Lakeside Family Care,2026-05-28,80053,74.66,Paid,
C00083,M0089,P002,Sunrise Clinic,2026-04-25,71046,224.83,Paid,
C00084,M0066,P001,City General Hospital,2026-09-16,80053,51.89,Paid,
C00085,M0130,P004,Green Valley Ortho,2026-04-17,99214,148.99,Paid,
C00086,M0118,P006,Apex Cardiology,2026-04-10,71046,274.85,Paid,
C00087,M0085,P002,Sunrise Clinic,2026-10-04,99214,168.21,Paid,
C00088,M0047,P005,Lakeside Family Care,2026-07-17,71046,230.56,Paid,
C00089,M0052,P001,City General Hospital,2026-06-05,71046,247.7,Paid,
C00090,M0023,P002,Sunrise Clinic,2026-09-11,93000,95.05,Paid,
C00091,M0078,P002,Sunrise Clinic,2026-06-26,73721,984.06,Denied,CO-29
C00092,M0100,P001,City General Hospital,2026-08-26,93000,102.31,Paid,
C00093,M0038,P003,Metro Imaging Center,2026-08-27,27447,15508.37,Denied,CO-4
C00094,M0036,P006,Apex Cardiology,2026-04-08,93000,89.09,Paid,
C00095,M0150,P005,Lakeside Family Care,2026-09-30,80053,63.13,Paid,
C00096,M0008,P006,Apex Cardiology,2026-04-23,27447,15336.47,Paid,
C00097,M0116,P001,City General Hospital,2026-09-08,99214,201.34,Paid,
C00098,M0063,P005,Lakeside Family Care,2026-04-27,99213,133.67,Paid,
C00099,M0129,P004,Green Valley Ortho,2026-09-17,71046,200.41,Paid,
C00100,M0122,P005,Lakeside Family Care,2026-09-18,99213,135.56,Paid,
C00101,M0053,P003,Metro Imaging Center,2026-07-29,80053,50.23,Denied,CO-16
C00102,M0074,P006,Apex Cardiology,2026-06-29,73721,942.28,Denied,CO-50
C00103,M0085,P005,Lakeside Family Care,2026-09-15,27447,13456.58,Paid,
C00104,M0035,P003,Metro Imaging Center,2026-07-19,27447,14059.3,Paid,
C00105,M0026,P001,City General Hospital,2026-07-28,73721,747.3,Paid,
C00106,M0074,P006,Apex Cardiology,2026-07-22,99214,204.81,Paid,
C00107,M0141,P004,Green Valley Ortho,2026-09-04,73721,929.85,Paid,
C00108,M0118,P002,Sunrise Clinic,2026-06-05,71046,322.27,Denied,CO-4
C00109,M0054,P005,Lakeside Family Care,2026-06-27,73721,1167.29,Paid,
C00110,M0093,P001,City General Hospital,2026-05-23,93000,67.61,Paid,
C00111,M0029,P002,Sunrise Clinic,2026-05-27,93000,96.81,Paid,
C00112,M0041,P006,Apex Cardiology,2026-06-02,71046,228.92,Paid,
C00113,M0037,P001,City General Hospital,2026-06-23,73721,1026.71,Paid,
C00114,M0001,P004,Green Valley Ortho,2026-09-04,71046,247.01,Paid,
C00115,M0051,P003,Metro Imaging Center,2026-06-25,80053,58.15,Denied,CO-50
C00116,M0020,P006,Apex Cardiology,2026-09-18,71046,231.65,Paid,
C00117,M0014,P003,Metro Imaging Center,2026-09-22,73721,1060.05,Denied,CO-109
C00118,M0112,P003,Metro Imaging Center,2026-08-02,27447,15213.54,Paid,
C00119,M0110,P005,Lakeside Family Care,2026-07-01,71046,223.73,Paid,
C00120,M0142,P001,City General Hospital,2026-06-24,80053,70.85,Paid,
C00121,M0106,P005,Lakeside Family Care,2026-09-22,99214,208.76,Paid,
C00122,M0125,P004,Green Valley Ortho,2026-04-23,93000,94.11,Paid,
C00123,M0073,P001,City General Hospital,2026-06-06,93000,69.09,Paid,
C00124,M0062,P003,Metro Imaging Center,2026-04-20,71046,292.38,Denied,CO-16
C00125,M0020,P005,Lakeside Family Care,2026-08-23,27447,11966.21,Paid,
C00126,M0116,P002,Sunrise Clinic,2026-05-30,93000,100.24,Paid,
C00127,M0063,P003,Metro Imaging Center,2026-08-30,80053,61.5,Paid,
C00128,M0095,P001,City General Hospital,2026-09-11,99214,174.78,Paid,
C00129,M0106,P003,Metro Imaging Center,2026-09-29,80053,65.09,Paid,
C00130,M0087,P004,Green Valley Ortho,2026-08-12,73721,1055.63,Paid,
C00131,M0129,P001,City General Hospital,2026-07-04,73721,844.88,Paid,
C00132,M0064,P005,Lakeside Family Care,2026-08-10,27447,14341.87,Denied,CO-18
C00133,M0006,P006,Apex Cardiology,2026-07-17,73721,914.33,Paid,
C00134,M0126,P002,Sunrise Clinic,2026-06-05,99213,121.51,Paid,
C00135,M0115,P001,City General Hospital,2026-05-22,99213,119.49,Paid,
C00136,M0028,P002,Sunrise Clinic,2026-08-26,80053,51.27,Paid,
C00137,M0011,P006,Apex Cardiology,2026-06-09,27447,13484.09,Denied,CO-4
C00138,M0078,P002,Sunrise Clinic,2026-09-25,99214,195.24,Paid,
C00139,M0029,P002,Sunrise Clinic,2026-04-25,27447,11110.76,Paid,
C00140,M0067,P001,City General Hospital,2026-05-08,99213,114.02,Paid,
C00141,M0118,P002,Sunrise Clinic,2026-10-02,80053,66.03,Paid,
C00142,M0061,P003,Metro Imaging Center,2026-08-03,71046,280.57,Paid,
C00143,M0079,P005,Lakeside Family Care,2026-06-21,99214,146.64,Paid,
C00144,M0021,P001,City General Hospital,2026-04-15,99213,107.65,Paid,
C00145,M0009,P003,Metro Imaging Center,2026-07-02,99214,204.06,Denied,CO-50
C00146,M0075,P006,Apex Cardiology,2026-06-25,73721,883.04,Paid,
C00147,M0052,P006,Apex Cardiology,2026-08-13,80053,63.15,Paid,
C00148,M0068,P003,Metro Imaging Center,2026-08-06,80053,72.6,Paid,
C00149,M0058,P003,Metro Imaging Center,2026-05-31,99213,153.12,Paid,
C00150,M0038,P004,Green Valley Ortho,2026-09-20,73721,1129.68,Paid,
C00151,M0014,P004,Green Valley Ortho,2026-05-05,99213,108.78,Paid,
C00152,M0081,P006,Apex Cardiology,2026-06-11,99213,107.05,Paid,
C00153,M0048,P006,Apex Cardiology,2026-08-23,99213,155.85,Paid,
C00154,M0097,P006,Apex Cardiology,2026-09-26,93000,93.85,Paid,
C00155,M0072,P003,Metro Imaging Center,2026-09-07,71046,255.3,Denied,CO-4
C00156,M0080,P004,Green Valley Ortho,2026-08-12,99213,129.67,Paid,
C00157,M0139,P004,Green Valley Ortho,2026-06-05,99213,98.96,Paid,
C00158,M0106,P004,Green Valley Ortho,2026-06-05,99214,173.1,Denied,CO-16
C00159,M0017,P006,Apex Cardiology,2026-06-30,80053,60.14,Denied,CO-109
C00160,M0087,P001,City General Hospital,2026-09-18,71046,224.37,Paid,
C00161,M0082,P003,Metro Imaging Center,2026-04-30,71046,241.87,Denied,CO-197
C00162,M0017,P003,Metro Imaging Center,2026-05-05,99213,139.29,Paid,
C00163,M0120,P001,City General Hospital,2026-06-05,80053,55.02,Paid,
C00164,M0034,P004,Green Valley Ortho,2026-06-16,80053,55.53,Paid,
C00165,M0039,P004,Green Valley Ortho,2026-07-19,99214,144.78,Paid,
C00166,M0021,P005,Lakeside Family Care,2026-07-15,99214,173.5,Paid,
C00167,M0017,P005,Lakeside Family Care,2026-08-25,99214,179.25,Paid,
C00168,M0110,P006,Apex Cardiology,2026-05-18,99213,124.9,Paid,
C00169,M0108,P001,City General Hospital,2026-09-13,99213,111.89,Paid,
C00170,M0107,P004,Green Valley Ortho,2026-08-21,27447,15432.7,Paid,
C00171,M0032,P004,Green Valley Ortho,2026-08-05,93000,99.65,Paid,
C00172,M0067,P003,Metro Imaging Center,2026-07-28,71046,234.92,Paid,
C00173,M0073,P002,Sunrise Clinic,2026-08-03,73721,831.34,Paid,
C00174,M0063,P005,Lakeside Family Care,2026-06-25,99214,173.37,Paid,
C00175,M0010,P005,Lakeside Family Care,2026-09-09,93000,73.26,Paid,
C00176,M0096,P001,City General Hospital,2026-08-06,99213,124.49,Paid,
C00177,M0150,P001,City General Hospital,2026-09-22,71046,229.11,Paid,
C00178,M0067,P002,Sunrise Clinic,2026-08-20,99213,118.33,Paid,
C00179,M0090,P006,Apex Cardiology,2026-05-05,99213,102.35,Paid,
C00180,M0066,P002,Sunrise Clinic,2026-08-29,99213,118.12,Denied,CO-4
C00181,M0105,P006,Apex Cardiology,2026-10-02,27447,15083.73,Paid,
C00182,M0009,P006,Apex Cardiology,2026-07-17,71046,223.14,Denied,CO-50
C00183,M0141,P005,Lakeside Family Care,2026-09-09,73721,748.47,Paid,
C00184,M0070,P002,Sunrise Clinic,2026-04-20,27447,12803.98,Paid,
C00185,M0080,P004,Green Valley Ortho,2026-06-20,71046,283.48,Paid,
C00186,M0094,P006,Apex Cardiology,2026-06-20,93000,99.35,Paid,
C00187,M0002,P006,Apex Cardiology,2026-06-23,99214,179.17,Paid,
C00188,M0094,P004,Green Valley Ortho,2026-09-11,99214,182.14,Paid,
C00189,M0037,P004,Green Valley Ortho,2026-10-01,80053,52.88,Denied,CO-29
C00190,M0044,P004,Green Valley Ortho,2026-07-02,99213,130.37,Paid,
C00191,M0018,P002,Sunrise Clinic,2026-05-24,71046,235.41,Paid,
C00192,M0012,P001,City General Hospital,2026-08-15,73721,940.73,Paid,
C00193,M0042,P004,Green Valley Ortho,2026-04-25,71046,206.67,Paid,
C00194,M0051,P006,Apex Cardiology,2026-04-29,80053,73.7,Paid,
C00195,M0133,P004,Green Valley Ortho,2026-09-24,99214,194.89,Paid,
C00196,M0050,P002,Sunrise Clinic,2026-08-27,73721,881.64,Paid,
C00197,M0083,P001,City General Hospital,2026-04-15,93000,97.7,Denied,CO-16
C00198,M0108,P005,Lakeside Family Care,2026-04-27,73721,967.52,Paid,
C00199,M0115,P003,Metro Imaging Center,2026-06-27,93000,73.97,Paid,
C00200,M0126,P005,Lakeside Family Care,2026-10-04,73721,800.44,Paid,
C00201,M0118,P004,Green Valley Ortho,2026-04-29,99214,184.21,Paid,
C00202,M0092,P002,Sunrise Clinic,2026-09-07,80053,62.2,Denied,CO-18
C00203,M0011,P001,City General Hospital,2026-05-27,80053,61.26,Paid,
C00204,M0131,P006,Apex Cardiology,2026-07-16,99214,151.4,Paid,
C00205,M0035,P001,City General Hospital,2026-06-30,99213,141.12,Paid,
C00206,M0029,P001,City General Hospital,2026-04-30,80053,49.99,Paid,
C00207,M0043,P002,Sunrise Clinic,2026-06-01,99214,232.36,Paid,
C00208,M0090,P006,Apex Cardiology,2026-08-09,80053,69.63,Denied,CO-29
C00209,M0117,P003,Metro Imaging Center,2026-04-30,99214,173.15,Denied,CO-16
C00210,M0061,P005,Lakeside Family Care,2026-07-29,73721,813.75,Paid,
C00211,M0072,P003,Metro Imaging Center,2026-08-19,71046,204.6,Paid,
C00212,M0068,P006,Apex Cardiology,2026-08-22,71046,311.93,Paid,
C00213,M0116,P001,City General Hospital,2026-04-25,80053,63.92,Paid,
C00214,M0138,P005,Lakeside Family Care,2026-09-08,93000,87.2,Paid,
C00215,M0095,P006,Apex Cardiology,2026-07-01,80053,59.83,Paid,
C00216,M0046,P005,Lakeside Family Care,2026-09-14,99214,176.42,Paid,
C00217,M0065,P005,Lakeside Family Care,2026-07-21,27447,15347.88,Paid,
C00218,M0081,P003,Metro Imaging Center,2026-05-08,27447,15395.74,Paid,
C00219,M0111,P006,Apex Cardiology,2026-08-09,99213,140.83,Paid,
C00220,M0059,P004,Green Valley Ortho,2026-09-22,93000,78.56,Paid,
C00221,M0091,P005,Lakeside Family Care,2026-09-21,27447,9873.5,Denied,CO-16
C00222,M0035,P005,Lakeside Family Care,2026-06-21,71046,266.76,Paid,
C00223,M0004,P002,Sunrise Clinic,2026-06-05,71046,277.99,Paid,
C00224,M0038,P002,Sunrise Clinic,2026-09-10,27447,10495.88,Denied,CO-197
C00225,M0144,P003,Metro Imaging Center,2026-10-02,73721,1085.21,Denied,CO-197
C00226,M0127,P005,Lakeside Family Care,2026-05-03,27447,13070.83,Paid,
C00227,M0007,P002,Sunrise Clinic,2026-09-23,99214,225.32,Denied,CO-18
C00228,M0142,P002,Sunrise Clinic,2026-09-08,99214,149.25,Denied,CO-50
C00229,M0130,P002,Sunrise Clinic,2026-05-25,99214,181.19,Paid,
C00230,M0080,P006,Apex Cardiology,2026-05-01,27447,12091.47,Paid,
C00231,M0002,P001,City General Hospital,2026-06-04,71046,278.25,Paid,
C00232,M0116,P004,Green Valley Ortho,2026-06-07,80053,61.1,Denied,CO-16
C00233,M0068,P001,City General Hospital,2026-09-25,71046,229.04,Paid,
C00234,M0134,P006,Apex Cardiology,2026-05-16,99213,111.96,Paid,
C00235,M0130,P003,Metro Imaging Center,2026-08-10,71046,280.25,Denied,CO-4
C00236,M0084,P003,Metro Imaging Center,2026-08-14,99214,219.76,Paid,
C00237,M0138,P002,Sunrise Clinic,2026-08-04,73721,867.85,Paid,
C00238,M0007,P004,Green Valley Ortho,2026-04-09,73721,1097.87,Denied,CO-18
C00239,M0101,P006,Apex Cardiology,2026-07-18,99214,195.33,Paid,
C00240,M0007,P005,Lakeside Family Care,2026-08-22,93000,67.11,Paid,
C00241,M0037,P001,City General Hospital,2026-08-24,99213,133.32,Paid,
C00242,M0011,P006,Apex Cardiology,2026-08-30,99213,97.85,Paid,
C00243,M0094,P006,Apex Cardiology,2026-09-18,99213,140.21,Paid,
C00244,M0017,P002,Sunrise Clinic,2026-05-21,80053,76.64,Paid,
C00245,M0009,P006,Apex Cardiology,2026-08-13,73721,768.2,Paid,
C00246,M0074,P001,City General Hospital,2026-04-25,80053,75.33,Denied,CO-27
C00247,M0082,P002,Sunrise Clinic,2026-04-22,99213,143.52,Paid,
C00248,M0073,P003,Metro Imaging Center,2026-07-07,73721,837.52,Denied,CO-4
C00249,M0074,P003,Metro Imaging Center,2026-05-03,71046,296.15,Paid,
C00250,M0133,P005,Lakeside Family Care,2026-06-21,27447,9785.89,Denied,CO-50
C00251,M0024,P003,Metro Imaging Center,2026-05-20,73721,1037.1,Paid,
C00252,M0052,P005,Lakeside Family Care,2026-06-15,80053,56.61,Denied,CO-16
C00253,M0048,P001,City General Hospital,2026-09-10,99213,116.87,Paid,
C00254,M0041,P004,Green Valley Ortho,2026-05-26,93000,77.89,Paid,
C00255,M0043,P003,Metro Imaging Center,2026-04-08,80053,54.44,Denied,CO-16
C00256,M0027,P006,Apex Cardiology,2026-04-09,80053,50.43,Paid,
C00257,M0023,P006,Apex Cardiology,2026-06-24,71046,244.45,Paid,
C00258,M0110,P004,Green Valley Ortho,2026-08-13,27447,9751.04,Paid,
C00259,M0118,P005,Lakeside Family Care,2026-04-26,93000,70.84,Paid,
C00260,M0009,P002,Sunrise Clinic,2026-04-11,93000,87.76,Paid,
C00261,M0116,P003,Metro Imaging Center,2026-08-26,93000,77.07,Paid,
C00262,M0066,P006,Apex Cardiology,2026-08-22,93000,93.68,Paid,
C00263,M0061,P005,Lakeside Family Care,2026-06-08,99214,155.35,Paid,
C00264,M0040,P005,Lakeside Family Care,2026-04-29,99214,168.07,Paid,
C00265,M0061,P002,Sunrise Clinic,2026-05-24,27447,11559.38,Paid,
C00266,M0027,P003,Metro Imaging Center,2026-09-08,99214,167.28,Denied,CO-16
C00267,M0051,P002,Sunrise Clinic,2026-07-20,99214,215.54,Paid,
C00268,M0100,P001,City General Hospital,2026-07-25,27447,15068.42,Paid,
C00269,M0129,P004,Green Valley Ortho,2026-06-15,99213,96.76,Paid,
C00270,M0104,P006,Apex Cardiology,2026-08-29,71046,257.91,Paid,
C00271,M0108,P001,City General Hospital,2026-06-16,27447,11053.71,Paid,
C00272,M0059,P002,Sunrise Clinic,2026-04-23,27447,13933.32,Paid,
C00273,M0067,P006,Apex Cardiology,2026-06-10,99214,201.74,Paid,
C00274,M0103,P006,Apex Cardiology,2026-06-19,27447,10187.2,Paid,
C00275,M0124,P006,Apex Cardiology,2026-08-01,27447,13377.69,Paid,
C00276,M0047,P004,Green Valley Ortho,2026-06-22,99213,133.29,Paid,
C00277,M0028,P006,Apex Cardiology,2026-06-27,71046,297.27,Paid,
C00278,M0052,P001,City General Hospital,2026-08-24,71046,267.92,Paid,
C00279,M0053,P005,Lakeside Family Care,2026-05-10,71046,212.64,Paid,
C00280,M0095,P006,Apex Cardiology,2026-04-24,73721,950.49,Paid,
C00281,M0048,P005,Lakeside Family Care,2026-06-10,71046,251.29,Paid,
C00282,M0092,P004,Green Valley Ortho,2026-09-03,93000,94.51,Paid,
C00283,M0004,P006,Apex Cardiology,2026-06-29,99213,111.15,Paid,
C00284,M0091,P001,City General Hospital,2026-04-27,73721,1131.95,Paid,
C00285,M0135,P005,Lakeside Family Care,2026-07-19,71046,213.66,Paid,
C00286,M0034,P002,Sunrise Clinic,2026-06-08,80053,76.83,Paid,
C00287,M0144,P001,City General Hospital,2026-08-16,80053,71.95,Paid,
C00288,M0106,P006,Apex Cardiology,2026-08-28,99214,217.32,Paid,
C00289,M0121,P004,Green Valley Ortho,2026-04-21,71046,294.99,Paid,
C00290,M0065,P003,Metro Imaging Center,2026-07-28,80053,73.52,Paid,
C00291,M0072,P004,Green Valley Ortho,2026-10-04,27447,10715.34,Paid,
C00292,M0110,P003,Metro Imaging Center,2026-07-14,99214,202.9,Paid,
C00293,M0078,P005,Lakeside Family Care,2026-07-04,27447,10112.53,Paid,
C00294,M0036,P004,Green Valley Ortho,2026-05-13,99213,101.12,Paid,
C00295,M0003,P005,Lakeside Family Care,2026-05-08,80053,58.35,Denied,CO-16
C00296,M0037,P001,City General Hospital,2026-05-02,27447,11357.95,Denied,CO-197
C00297,M0104,P002,Sunrise Clinic,2026-08-26,80053,61.56,Paid,
C00298,M0024,P005,Lakeside Family Care,2026-04-11,99214,198.86,Paid,
C00299,M0055,P006,Apex Cardiology,2026-07-20,93000,95.52,Paid,
C00300,M0030,P005,Lakeside Family Care,2026-06-14,99213,140.51,Paid,
C00301,M0122,P005,Lakeside Family Care,2026-08-06,99213,111.87,Paid,
C00302,M0126,P004,Green Valley Ortho,2026-06-07,93000,66.34,Paid,
C00303,M0002,P002,Sunrise Clinic,2026-05-04,73721,794.08,Paid,
C00304,M0076,P002,Sunrise Clinic,2026-04-09,80053,57.62,Paid,
C00305,M0093,P004,Green Valley Ortho,2026-04-14,71046,253.23,Denied,CO-29
C00306,M0085,P001,City General Hospital,2026-04-13,99213,132.58,Paid,
C00307,M0107,P001,City General Hospital,2026-08-29,93000,83.37,Denied,CO-29
C00308,M0135,P003,Metro Imaging Center,2026-07-03,99213,147.7,Paid,
C00309,M0109,P005,Lakeside Family Care,2026-07-24,80053,75.37,Paid,
C00310,M0127,P003,Metro Imaging Center,2026-07-22,93000,66.11,Denied,CO-18
C00311,M0127,P005,Lakeside Family Care,2026-07-08,71046,309.12,Paid,
C00312,M0023,P001,City General Hospital,2026-07-20,71046,224.04,Paid,
C00313,M0013,P001,City General Hospital,2026-06-23,73721,1045.2,Paid,
C00314,M0122,P004,Green Valley Ortho,2026-09-23,71046,213.56,Paid,
C00315,M0097,P005,Lakeside Family Care,2026-05-29,80053,67.74,Paid,
C00316,M0022,P005,Lakeside Family Care,2026-04-09,99214,200.41,Paid,
C00317,M0045,P002,Sunrise Clinic,2026-06-09,99213,136.02,Paid,
C00318,M0026,P001,City General Hospital,2026-09-25,27447,10687.79,Paid,
C00319,M0144,P006,Apex Cardiology,2026-08-30,99213,118.13,Paid,
C00320,M0082,P006,Apex Cardiology,2026-08-18,71046,307.81,Paid,
C00321,M0014,P001,City General Hospital,2026-05-09,73721,974.85,Paid,
C00322,M0108,P004,Green Valley Ortho,2026-09-04,93000,84.89,Paid,
C00323,M0100,P005,Lakeside Family Care,2026-06-12,27447,15111.78,Denied,CO-29
C00324,M0022,P006,Apex Cardiology,2026-06-21,99214,186.79,Paid,
C00325,M0110,P006,Apex Cardiology,2026-08-27,73721,815.52,Paid,
C00326,M0023,P001,City General Hospital,2026-09-03,99213,137.03,Paid,
C00327,M0146,P002,Sunrise Clinic,2026-06-06,80053,51.64,Denied,CO-16
C00328,M0038,P006,Apex Cardiology,2026-09-22,27447,10724.46,Paid,
C00329,M0128,P006,Apex Cardiology,2026-04-27,80053,50.53,Paid,
C00330,M0014,P004,Green Valley Ortho,2026-07-31,27447,15194.08,Paid,
C00331,M0021,P006,Apex Cardiology,2026-10-01,99213,96.68,Paid,
C00332,M0125,P004,Green Valley Ortho,2026-05-04,71046,239.06,Paid,
C00333,M0121,P005,Lakeside Family Care,2026-05-10,99213,114.98,Paid,
C00334,M0042,P006,Apex Cardiology,2026-09-05,99214,157.04,Paid,
C00335,M0116,P006,Apex Cardiology,2026-06-28,80053,60.54,Paid,
C00336,M0016,P003,Metro Imaging Center,2026-07-11,80053,70.64,Denied,CO-29
C00337,M0004,P006,Apex Cardiology,2026-05-04,27447,14411.61,Paid,
C00338,M0064,P002,Sunrise Clinic,2026-05-08,93000,97.3,Paid,
C00339,M0060,P004,Green Valley Ortho,2026-05-03,73721,1028.17,Paid,
C00340,M0109,P004,Green Valley Ortho,2026-07-14,71046,286.07,Paid,
C00341,M0037,P002,Sunrise Clinic,2026-09-24,93000,100.82,Paid,
C00342,M0128,P005,Lakeside Family Care,2026-05-17,99214,168.65,Paid,
C00343,M0098,P003,Metro Imaging Center,2026-05-16,93000,67.4,Paid,
C00344,M0015,P002,Sunrise Clinic,2026-08-06,80053,70.51,Paid,
C00345,M0003,P006,Apex Cardiology,2026-08-13,73721,929.4,Paid,
C00346,M0017,P004,Green Valley Ortho,2026-05-20,73721,963.25,Paid,
C00347,M0134,P002,Sunrise Clinic,2026-07-30,73721,980.82,Paid,
C00348,M0050,P003,Metro Imaging Center,2026-08-14,73721,947.78,Denied,CO-4
C00349,M0133,P006,Apex Cardiology,2026-05-13,71046,245.35,Paid,
C00350,M0028,P002,Sunrise Clinic,2026-05-31,99214,148.01,Paid,
C00351,M0008,P003,Metro Imaging Center,2026-09-14,27447,12380.6,Denied,CO-16
C00352,M0145,P005,Lakeside Family Care,2026-09-26,93000,64.82,Paid,
C00353,M0072,P004,Green Valley Ortho,2026-07-30,93000,86.69,Paid,
C00354,M0034,P004,Green Valley Ortho,2026-05-06,99213,152.79,Paid,
C00355,M0097,P003,Metro Imaging Center,2026-08-14,80053,49.14,Paid,
C00356,M0118,P001,City General Hospital,2026-05-15,99213,99.06,Paid,
C00357,M0102,P004,Green Valley Ortho,2026-09-18,80053,75.3,Paid,
C00358,M0060,P001,City General Hospital,2026-07-31,27447,15355.78,Paid,
C00359,M0047,P006,Apex Cardiology,2026-04-16,99213,153.39,Paid,
C00360,M0057,P004,Green Valley Ortho,2026-08-05,80053,52.79,Paid,
C00361,M0142,P002,Sunrise Clinic,2026-07-06,99213,152.5,Denied,CO-197
C00362,M0124,P001,City General Hospital,2026-04-22,71046,298.3,Paid,
C00363,M0077,P001,City General Hospital,2026-10-03,99213,104.69,Paid,
C00364,M0083,P005,Lakeside Family Care,2026-04-20,93000,81.65,Denied,CO-18
C00365,M0062,P004,Green Valley Ortho,2026-06-29,99213,118.5,Paid,
C00366,M0050,P002,Sunrise Clinic,2026-06-07,27447,14953.02,Paid,
C00367,M0096,P001,City General Hospital,2026-08-09,99214,227.49,Denied,CO-197
C00368,M0099,P002,Sunrise Clinic,2026-09-10,80053,61.42,Paid,
C00369,M0060,P001,City General Hospital,2026-07-10,27447,10050.92,Paid,
C00370,M0015,P004,Green Valley Ortho,2026-08-29,99213,133.69,Paid,
C00371,M0039,P002,Sunrise Clinic,2026-08-28,27447,12308.27,Paid,
C00372,M0147,P003,Metro Imaging Center,2026-08-26,73721,905.3,Denied,CO-109
C00373,M0117,P003,Metro Imaging Center,2026-06-01,80053,53.03,Denied,CO-197
C00374,M0055,P001,City General Hospital,2026-09-20,99214,232.08,Paid,
C00375,M0052,P005,Lakeside Family Care,2026-09-04,73721,1095.88,Paid,
C00376,M0025,P003,Metro Imaging Center,2026-08-04,73721,1165.96,Paid,
C00377,M0076,P004,Green Valley Ortho,2026-08-24,71046,251.95,Denied,CO-16
C00378,M0036,P006,Apex Cardiology,2026-05-28,99213,122.53,Paid,
C00379,M0093,P004,Green Valley Ortho,2026-05-23,99213,143.37,Paid,
C00380,M0047,P004,Green Valley Ortho,2026-08-10,99213,150.72,Paid,
C00381,M0051,P002,Sunrise Clinic,2026-08-07,80053,53.4,Paid,
C00382,M0071,P005,Lakeside Family Care,2026-05-02,99213,145.74,Paid,
C00383,M0050,P002,Sunrise Clinic,2026-04-16,99214,156.33,Paid,
C00384,M0134,P005,Lakeside Family Care,2026-09-18,71046,225.29,Paid,
C00385,M0089,P004,Green Valley Ortho,2026-09-20,80053,69.65,Paid,
C00386,M0105,P003,Metro Imaging Center,2026-05-31,71046,305.24,Denied,CO-197
C00387,M0145,P004,Green Valley Ortho,2026-07-28,99214,222.48,Paid,
C00388,M0002,P003,Metro Imaging Center,2026-07-01,99213,105.81,Paid,
C00389,M0092,P003,Metro Imaging Center,2026-05-25,93000,101.28,Denied,CO-50
C00390,M0016,P003,Metro Imaging Center,2026-06-29,80053,69.34,Paid,
C00391,M0007,P003,Metro Imaging Center,2026-05-31,80053,51.23,Paid,
C00392,M0023,P005,Lakeside Family Care,2026-09-29,80053,64.12,Paid,
C00393,M0143,P002,Sunrise Clinic,2026-09-08,93000,71.3,Paid,
C00394,M0067,P001,City General Hospital,2026-04-09,99213,101.79,Paid,
C00395,M0062,P001,City General Hospital,2026-05-10,80053,65.98,Paid,
C00396,M0012,P006,Apex Cardiology,2026-09-10,73721,766.29,Paid,
C00397,M0072,P003,Metro Imaging Center,2026-05-08,99213,123.89,Paid,
C00398,M0059,P001,City General Hospital,2026-08-30,99213,103.29,Paid,
C00399,M0043,P002,Sunrise Clinic,2026-06-08,99214,204.19,Paid,
C00400,M0135,P001,City General Hospital,2026-06-19,27447,11932.47,Paid,
C00401,M0087,P001,City General Hospital,2026-09-21,73721,1156.72,Paid,
C00402,M0145,P004,Green Valley Ortho,2026-06-15,99214,219.47,Paid,
C00403,M0133,P003,Metro Imaging Center,2026-05-14,80053,60.02,Denied,CO-16
C00404,M0003,P006,Apex Cardiology,2026-06-18,71046,231.16,Paid,
C00405,M0052,P003,Metro Imaging Center,2026-09-17,99213,127.85,Paid,
C00406,M0102,P005,Lakeside Family Care,2026-08-30,27447,9724.97,Paid,
C00407,M0069,P004,Green Valley Ortho,2026-09-24,27447,9880.57,Denied,CO-197
C00408,M0065,P005,Lakeside Family Care,2026-09-25,71046,278.53,Paid,
C00409,M0074,P001,City General Hospital,2026-08-05,93000,64.55,Paid,
C00410,M0132,P001,City General Hospital,2026-08-23,71046,243.44,Paid,
C00411,M0113,P003,Metro Imaging Center,2026-05-21,99213,123.99,Paid,
C00412,M0148,P001,City General Hospital,2026-07-21,93000,69.25,Paid,
C00413,M0074,P003,Metro Imaging Center,2026-09-12,71046,230.43,Paid,
C00414,M0052,P004,Green Valley Ortho,2026-08-09,93000,91.79,Paid,
C00415,M0123,P005,Lakeside Family Care,2026-05-17,27447,11800.88,Paid,
C00416,M0049,P004,Green Valley Ortho,2026-08-03,80053,57.32,Paid,
C00417,M0091,P005,Lakeside Family Care,2026-05-08,93000,79.33,Paid,
C00418,M0126,P002,Sunrise Clinic,2026-07-14,80053,76.56,Paid,
C00419,M0006,P003,Metro Imaging Center,2026-08-10,71046,309.8,Denied,CO-16
C00420,M0133,P001,City General Hospital,2026-06-14,93000,98.85,Paid,
C00421,M0040,P004,Green Valley Ortho,2026-09-07,80053,61.2,Paid,
C00422,M0071,P004,Green Valley Ortho,2026-08-30,71046,283.53,Paid,
C00423,M0033,P005,Lakeside Family Care,2026-06-05,99213,140.33,Paid,
C00424,M0150,P004,Green Valley Ortho,2026-06-21,80053,51.1,Paid,
C00425,M0072,P001,City General Hospital,2026-05-11,73721,898.87,Paid,
C00426,M0074,P005,Lakeside Family Care,2026-06-11,93000,68.44,Paid,
C00427,M0099,P006,Apex Cardiology,2026-06-26,71046,236.61,Paid,
C00428,M0077,P006,Apex Cardiology,2026-05-30,71046,200.85,Paid,
C00429,M0097,P002,Sunrise Clinic,2026-08-28,93000,76.16,Paid,
C00430,M0063,P005,Lakeside Family Care,2026-07-12,99214,151.91,Paid,
C00431,M0066,P003,Metro Imaging Center,2026-10-02,99214,231.49,Denied,CO-29
C00432,M0112,P004,Green Valley Ortho,2026-07-17,71046,315.04,Paid,
C00433,M0119,P005,Lakeside Family Care,2026-04-12,80053,63.52,Paid,
C00434,M0003,P003,Metro Imaging Center,2026-07-07,99213,131.68,Paid,
C00435,M0129,P006,Apex Cardiology,2026-09-09,99213,127.51,Paid,
C00436,M0049,P004,Green Valley Ortho,2026-05-11,27447,12968.03,Paid,
C00437,M0088,P004,Green Valley Ortho,2026-04-28,73721,900.74,Paid,
C00438,M0082,P006,Apex Cardiology,2026-09-11,93000,93.86,Paid,
C00439,M0076,P003,Metro Imaging Center,2026-05-26,99213,145.56,Denied,CO-50
C00440,M0131,P005,Lakeside Family Care,2026-05-23,73721,1004.0,Paid,
C00441,M0145,P002,Sunrise Clinic,2026-06-21,93000,99.73,Paid,
C00442,M0011,P005,Lakeside Family Care,2026-04-26,99213,117.19,Paid,
C00443,M0142,P006,Apex Cardiology,2026-10-04,73721,724.83,Paid,
C00444,M0008,P001,City General Hospital,2026-09-09,71046,249.7,Paid,
C00445,M0137,P002,Sunrise Clinic,2026-05-16,99214,188.81,Paid,
C00446,M0038,P005,Lakeside Family Care,2026-06-21,99214,195.7,Paid,
C00447,M0020,P002,Sunrise Clinic,2026-09-07,93000,94.38,Denied,CO-16
C00448,M0016,P005,Lakeside Family Care,2026-05-01,73721,1090.41,Paid,
C00449,M0061,P006,Apex Cardiology,2026-05-09,99213,137.07,Paid,
C00450,M0150,P003,Metro Imaging Center,2026-07-28,71046,221.18,Paid,
C00451,M0014,P001,City General Hospital,2026-04-28,71046,223.96,Paid,
C00452,M0062,P002,Sunrise Clinic,2026-09-23,73721,982.2,Paid,
C00453,M0081,P002,Sunrise Clinic,2026-05-07,99214,147.96,Paid,
C00454,M0065,P001,City General Hospital,2026-07-19,80053,72.48,Paid,
C00455,M0150,P004,Green Valley Ortho,2026-06-27,99213,110.58,Paid,
C00456,M0063,P002,Sunrise Clinic,2026-06-02,73721,859.12,Denied,CO-4
C00457,M0075,P002,Sunrise Clinic,2026-10-03,71046,247.38,Paid,
C00458,M0099,P004,Green Valley Ortho,2026-07-11,93000,78.52,Paid,
C00459,M0090,P003,Metro Imaging Center,2026-09-03,73721,1013.08,Paid,
C00460,M0061,P005,Lakeside Family Care,2026-06-07,99214,178.86,Paid,
C00461,M0040,P004,Green Valley Ortho,2026-09-28,99213,112.75,Paid,
C00462,M0033,P002,Sunrise Clinic,2026-08-15,27447,10379.19,Paid,
C00463,M0091,P005,Lakeside Family Care,2026-08-04,73721,930.17,Paid,
C00464,M0054,P002,Sunrise Clinic,2026-04-26,27447,12030.91,Paid,
C00465,M0034,P003,Metro Imaging Center,2026-08-07,73721,947.17,Paid,
C00466,M0095,P006,Apex Cardiology,2026-06-14,71046,274.49,Paid,
C00467,M0032,P005,Lakeside Family Care,2026-05-27,99214,180.37,Paid,
C00468,M0099,P006,Apex Cardiology,2026-07-27,93000,67.66,Paid,
C00469,M0100,P001,City General Hospital,2026-08-28,27447,13909.36,Paid,
C00470,M0028,P006,Apex Cardiology,2026-08-06,99213,137.68,Paid,
C00471,M0050,P001,City General Hospital,2026-05-29,93000,100.55,Paid,
C00472,M0103,P001,City General Hospital,2026-08-08,27447,11467.64,Paid,
C00473,M0034,P003,Metro Imaging Center,2026-06-08,71046,250.42,Paid,
C00474,M0090,P003,Metro Imaging Center,2026-04-14,99214,146.66,Paid,
C00475,M0103,P004,Green Valley Ortho,2026-04-08,99213,135.54,Paid,
C00476,M0057,P003,Metro Imaging Center,2026-07-22,27447,10186.19,Denied,CO-50
C00477,M0078,P001,City General Hospital,2026-08-24,73721,738.0,Paid,
C00478,M0046,P002,Sunrise Clinic,2026-05-16,73721,1052.25,Paid,
C00479,M0066,P005,Lakeside Family Care,2026-05-30,80053,54.83,Paid,
C00480,M0029,P004,Green Valley Ortho,2026-07-07,27447,13705.97,Paid,
C00481,M0013,P006,Apex Cardiology,2026-05-08,71046,312.63,Paid,
C00482,M0089,P002,Sunrise Clinic,2026-07-15,27447,10267.12,Paid,
C00483,M0057,P006,Apex Cardiology,2026-06-26,99213,121.03,Paid,
C00484,M0088,P003,Metro Imaging Center,2026-06-18,93000,67.6,Paid,
C00485,M0131,P006,Apex Cardiology,2026-04-27,93000,93.54,Paid,
C00486,M0033,P001,City General Hospital,2026-06-17,27447,13789.53,Paid,
C00487,M0144,P004,Green Valley Ortho,2026-04-08,80053,53.68,Paid,
C00488,M0067,P003,Metro Imaging Center,2026-04-24,99214,193.18,Denied,CO-16
C00489,M0080,P001,City General Hospital,2026-06-21,99214,176.2,Denied,CO-16
C00490,M0062,P006,Apex Cardiology,2026-06-03,27447,12518.66,Paid,
C00491,M0090,P001,City General Hospital,2026-08-31,93000,91.66,Paid,
C00492,M0062,P006,Apex Cardiology,2026-08-29,71046,216.67,Paid,
C00493,M0044,P003,Metro Imaging Center,2026-05-17,27447,14492.36,Paid,
C00494,M0104,P006,Apex Cardiology,2026-06-08,27447,10528.75,Paid,
C00495,M0053,P002,Sunrise Clinic,2026-10-01,99213,137.41,Paid,
C00496,M0080,P001,City General Hospital,2026-07-19,99213,149.75,Paid,
C00497,M0093,P004,Green Valley Ortho,2026-06-13,99213,105.68,Paid,
C00498,M0125,P003,Metro Imaging Center,2026-09-23,99214,194.18,Denied,CO-4
C00499,M0126,P006,Apex Cardiology,2026-05-13,71046,322.53,Paid,
C00500,M0092,P004,Green Valley Ortho,2026-05-18,73721,805.41,Paid,
